<?xml version="1.0" encoding="UTF-8"?>
<project-private xmlns="http://www.netbeans.org/ns/project-private/1">
    <editor-bookmarks xmlns="http://www.netbeans.org/ns/editor-bookmarks/2" lastBookmarkId="0"/>
    <open-files xmlns="http://www.netbeans.org/ns/projectui-open-files/2">
        <group>
            <file>file:/C:/Users/Earvin/Desktop/chat10-loginServer/Chat10/test/chat10/ClientTest.java</file>
            <file>file:/C:/Users/Earvin/Desktop/chat10-loginServer/Chat10/src/chat10/ClientGUI2.java</file>
            <file>file:/C:/Users/Earvin/Desktop/chat10-loginServer/Chat10/test/chat10/ClientGUI2Test.java</file>
            <file>file:/C:/Users/Earvin/Desktop/chat10-loginServer/Chat10/src/chat10/Client.java</file>
            <file>file:/C:/Users/Earvin/Desktop/chat10-loginServer/Chat10/test/chat10/ServerGUITest.java</file>
            <file>file:/C:/Users/Earvin/Desktop/chat10-loginServer/Chat10/src/chat10/Server.java</file>
            <file>file:/C:/Users/Earvin/Desktop/chat10-loginServer/Chat10/src/chat10/ServerGUI.java</file>
            <file>file:/C:/Users/Earvin/Desktop/chat10-loginServer/Chat10/test/chat10/ChatMessageTest.java</file>
            <file>file:/C:/Users/Earvin/Desktop/chat10-loginServer/Chat10/test/chat10/ServerTest.java</file>
            <file>file:/C:/Users/Earvin/Desktop/chat10-loginServer/Chat10/src/chat10/ChatMessage.java</file>
        </group>
    </open-files>
</project-private>
